application_id,applicant_id,loan_amount,interest_rate,loan_status,application_date
00000000-0000-4000-8000-000000000001,DEMO-APP-001,8500,12.5,REPAID,2025-02-14
00000000-0000-4000-8000-000000000002,DEMO-APP-002,18000,10.9,ACTIVE,2025-04-03
00000000-0000-4000-8000-000000000003,DEMO-APP-003,12500,16.2,DEFAULTED,2025-05-22
00000000-0000-4000-8000-000000000004,DEMO-APP-004,24000,11.4,REPAID,2025-07-08
00000000-0000-4000-8000-000000000005,DEMO-APP-005,16000,13.1,ACTIVE,2025-08-19
00000000-0000-4000-8000-000000000006,DEMO-APP-006,6200,15.0,DECLINED,2025-09-11
00000000-0000-4000-8000-000000000007,DEMO-APP-007,11000,12.0,REPAID,2025-10-02
00000000-0000-4000-8000-000000000008,DEMO-APP-008,30000,9.8,ACTIVE,2025-11-16
00000000-0000-4000-8000-000000000009,DEMO-APP-009,14500,11.9,REPAID,2026-01-20
00000000-0000-4000-8000-000000000010,DEMO-APP-010,4000,17.5,ACTIVE,2026-02-05
00000000-0000-4000-8000-000000000011,DEMO-APP-011,22000,10.5,REPAID,2026-03-12
00000000-0000-4000-8000-000000000012,DEMO-APP-012,17500,12.7,ACTIVE,2026-04-24